Actual,Predicted
5169.52,4791.9033
18341.62,18536.04
19570.67,19088.275
7553.72,7475.591
18981.01,19020.168
5292.95,5162.986
6485.57,6650.4272
6459.68,6615.5967
6505.49,6446.871
18461.98,18564.814
4889.44,5364.358
5600.51,5705.0386
17623.26,17714.225
17543.87,17290.45
17396.95,17461.844
18637.97,18547.611
6718.91,6396.5713
17638.99,18002.102
6622.76,6571.16
5855.65,5580.7603
6976.08,7132.9595
4842.92,4401.9316
18434.36,17975.07
6141.19,5742.0347
5566.06,5809.1104
5956.16,5620.5894
17614.94,17349.906
17823.67,17753.656
17235.94,17425.125
6152.95,6570.214
5055.23,4625.1543
18896.33,18552.832
17741.84,17347.746
7383.47,7142.8013
7287.08,6925.855
4150.06,4381.2764
7052.97,7141.9087
18158.17,18600.154
6752.93,6529.471
5914.87,5643.217
4703.78,5042.2827
19338.78,18872.879
4519.7,4847.6606
17778.97,17514.043
16945.13,17493.416
16713.16,16586.996
18067.16,18447.201
18559.17,18524.082
6595.54,7007.0547
17597.54,17894.389
6551.0,6134.021
18092.53,17810.895
18565.07,19084.355
6215.69,6443.5557
19377.32,18934.021
6652.18,6997.716
6815.41,6601.0234
6280.14,5908.122
17776.22,17953.672
16669.99,16336.715
16998.24,17272.893
5951.17,6330.4165
6478.56,6094.047
19271.43,19019.848
18863.68,18467.182
18207.3,18433.023
6261.62,6392.1006
16504.82,16822.068
18922.44,18911.01
17320.28,17471.219
17014.42,16720.27
18716.54,18349.3
5427.15,5250.086
15888.78,16414.809
5939.35,5947.215
18215.82,18281.115
17730.32,18149.377
6155.41,6292.937
18059.13,17717.21
18653.0,19119.234
5888.19,6006.647
17206.66,17366.035
18471.86,18638.074
6211.77,6552.851
5980.96,6197.3013
17129.43,17301.71
6517.86,6831.6997
6434.97,6378.9214
6285.48,6135.8477
5427.47,5247.095
5960.82,5915.009
16492.84,16567.543
5312.13,5004.541
7309.86,7393.2847
18409.08,18089.14
6087.56,6343.304
16150.87,16433.865
18992.8,18778.51
18772.77,18789.465
5468.4,5870.0454
5822.32,5767.926
17887.66,17666.605
6204.71,5835.1045
6171.52,6065.3223
19213.85,18929.129
4719.96,4739.78
16773.15,17277.168
16503.57,16945.76
5356.96,5705.8193
6980.09,7352.7427
6309.68,5975.4053
19116.18,19307.639
4908.7,5260.0435
6650.92,6441.745
17928.64,18298.973
18645.89,18808.035
18562.69,18324.512
18675.45,18731.629
7162.19,7220.7236
6722.61,6268.9688
4821.15,5302.7637
5632.75,5348.593
7813.95,7291.8237
4980.53,5257.5894
18497.18,18524.809
18035.92,18176.285
5410.29,5662.9297
18826.41,18564.814
18750.95,18532.785
4665.06,4666.249
6184.5,6557.097
6003.48,6440.5327
7354.41,7211.8516
16251.86,16527.547
6531.4,6163.762
7036.44,6947.3823
5665.81,5871.8354
5565.89,5212.2324
5220.83,5500.5713
5724.38,5940.353
5946.2,6377.621
6977.52,6298.5347
17743.09,17761.445
5552.9,5816.5107
6348.01,6424.869
16911.5,17138.043
4458.01,4818.5034
7457.81,7352.7427
17265.53,17415.252
17977.85,18055.86
18125.38,18078.92
19324.31,18988.346
5657.55,5772.288
16941.8,17153.328
6850.26,6634.7773
17415.04,17854.58
17946.34,17726.863
18461.64,18447.592
4934.98,5114.4463
17502.21,17556.938
5207.88,5347.4614
6366.55,6441.667
7067.65,6548.0195
18032.89,17783.16
5308.13,5819.6562
6604.63,6397.884
4604.24,4977.91
17963.45,18398.346
6106.64,5588.148
17250.81,17637.828
5321.59,5418.4565
5423.47,5616.6797
5490.18,5065.3496
6748.64,6963.204
6144.89,6333.673
6015.28,5836.256
5705.91,5349.3457
18563.43,18615.2
5494.43,5201.87
5656.53,5966.9756
19062.69,18623.328
17939.09,17765.592
18676.57,18170.48
6890.61,6831.3374
6349.42,6083.7334
4643.87,4984.561
6054.99,6328.3096
17391.82,17256.162
18102.48,18473.457
7274.93,6900.931
5238.57,5219.775
6119.43,6142.7104
5883.86,6119.4194
7127.73,6622.7793
5581.88,5337.8105
5475.17,5070.402
18438.13,17932.762
4502.08,4330.804
5391.25,5409.0728
6449.0,6401.081
5506.48,5545.2275
16847.42,17012.365
17251.61,17739.682
7174.7,7630.4478
7845.28,7428.041
17398.28,17854.172
16869.75,17304.264
4989.68,5103.243
17725.66,17984.86
17745.16,17891.18
17909.81,17439.93
5189.66,5156.5835
6518.96,6752.127
6119.18,6358.8066
6727.59,6370.6826
5167.58,5434.4194
17419.04,17013.746
6299.42,6234.322
5745.93,6137.189
18152.58,18536.04
17778.24,18004.463
17379.77,17745.371
18957.11,18427.79
5569.01,5760.6626
5488.84,5144.058
5862.55,5534.1255
19288.92,18873.053
5140.31,5177.3975
16561.96,16892.473
4542.43,4921.6523
18335.41,17867.273
5987.36,5969.8843
16455.3,16707.844
19084.61,19584.076
6991.78,6762.673
17710.17,17880.008
7450.51,6952.35
6169.99,6505.459
4799.71,4805.4927
7114.45,6642.9297
17917.25,18480.604
5356.34,5675.244
16639.22,16843.61
17146.54,17113.648
6807.76,6734.647
16215.33,16453.139
4428.87,4436.3696
17378.0,17653.332
6359.26,6015.8228
18635.06,18765.938
6075.51,6094.106
5395.66,5649.183
4492.96,4693.1484
17186.2,17484.75
18565.18,18936.346
5387.18,5414.532
17411.15,17110.387
18090.15,18172.852
7168.59,6818.9893
5446.18,5943.4844
5920.66,6297.512
6944.9,6815.6396
19445.02,18950.531
18002.69,17896.418
19461.65,19406.223
6382.21,6520.5337
5184.51,5605.1553
6722.11,7164.1313
17012.5,17567.805
16863.74,16746.717
17115.04,17307.234
17490.21,17554.637
5769.95,6173.575
7750.46,7237.116
6248.69,6340.075
5917.04,5816.462
4817.42,5117.7065
6295.52,6024.286
16565.8,16873.041
17121.68,17064.305
17641.57,17347.203
6059.49,6165.787
17640.76,17497.121
18977.05,18661.111
6739.77,6873.708
16398.41,16893.838
18884.01,18624.88
19468.71,19206.982
18721.25,18417.45
6874.05,6650.4473
18649.89,18555.344
5250.19,5414.005
6443.01,6134.021
5491.19,5735.5625
17131.13,16738.01
7013.05,6608.1167
6505.24,6432.2007
17561.69,17531.02
18129.39,18187.346
6084.66,6462.303
17795.39,17938.33
7020.47,6995.8765
5949.41,6296.8857
18960.93,18753.453
16387.52,16490.8
6251.98,5954.246
5358.09,5655.404
16961.0,17456.395
7055.66,6554.9844
5996.7,5784.5605
5904.1,5802.628
16389.82,16356.543
18633.5,18670.256
5188.35,5622.7354
17087.23,16901.34
4362.72,4741.3506
5738.72,5276.527
5219.83,5105.4023
6205.41,5795.534
6707.03,6954.512
19723.01,19423.797
17246.25,17614.7
6610.94,6942.656
5669.14,5357.6562
16697.85,17217.975
16948.36,17137.38
7156.67,6967.679
5569.26,5302.7637
6919.46,6604.0986
4413.27,4917.939
5551.35,5226.134
5444.07,5705.0386
4947.75,5261.317
19197.14,19131.537
6361.3,6653.078
16736.27,16822.068
17416.34,17178.14
6980.77,6598.735
5804.0,6188.3643
15972.53,16382.736
5590.47,5954.246
7099.44,7148.861
5684.72,5206.113
5200.75,5812.337
6416.71,6296.5674
17150.39,17265.172
19082.02,18780.082
6736.76,6634.7773
5719.1,5327.0654
19530.49,19061.33
17217.97,17360.266
5170.81,5511.384
4220.58,4408.977
18819.09,18432.814
18982.6,18538.982
16621.83,17056.197
18039.5,17597.021
17967.55,18037.746
7323.81,6983.088
7090.97,6719.7153
18092.31,18002.576
7132.54,6545.2407
5055.13,5157.9473
6852.4,6479.36
6029.35,6317.89
6442.34,6431.1562
17878.75,18212.703
19349.24,18963.707
17187.64,17088.916
16485.67,16635.531
5263.75,5395.737
16570.13,16885.807
18198.03,18040.582
6887.22,6833.0986
5913.05,6261.891
17550.78,17265.717
17641.25,17797.742
18786.32,18962.432
5558.4,5436.054
17417.52,17913.936
4722.94,4886.2524
5283.82,5381.8726
19164.39,18703.324
5119.89,5518.4424
6549.86,6839.0874
5291.22,5669.205
4666.61,5137.2686
17521.91,17865.822
5176.14,5302.7637
6324.2,6263.2114
18009.13,17647.973
18793.67,18815.547
18649.12,18613.34
4538.84,4991.686
4638.42,5005.5327
7229.69,7055.7163
16562.35,16959.16
6583.1,6431.1562
17678.9,17597.268
5555.77,5632.0264
5178.82,4826.2183
6009.04,5619.3843
18024.68,18159.283
7261.68,7682.1
4956.28,4631.8833
18987.7,18792.49
17817.61,17497.582
19739.8,19608.336
5384.65,5768.2163
16790.97,17218.691
18454.01,18846.219
5836.35,6104.164
6274.97,5863.4634
6224.34,6401.081
5076.07,5352.641
5170.43,5540.001
6233.69,6224.855
6447.79,6386.369
19361.42,18970.045
6355.83,6641.464
5523.65,5075.7153
17160.13,16924.43
4500.71,5052.5103
5282.32,5137.2686
6345.46,6416.954
7382.79,6926.2676
6390.49,6829.0933
18694.76,19020.168
17944.95,18278.842
17126.45,17673.182
16262.5,16547.428
17559.43,17259.285
4586.55,4991.956
19484.12,19034.402
7308.01,7002.0386
16403.26,16278.168
5996.05,6230.615
18187.37,18632.71
17833.6,18015.059
6653.23,6516.642
18034.84,18657.21
18646.93,18739.2
6139.69,6025.638
18267.28,18555.344
5039.77,5201.9253
16422.96,16954.568
5945.21,6345.5566
6976.98,6958.7856
18253.37,18712.441
5016.79,5103.6064
5914.87,5744.2666
5007.07,4840.5835
5577.49,5974.1504
5926.76,6190.0645
6339.59,6154.9385
6694.72,6329.3193
18454.41,18605.988
17223.09,17333.066
6922.43,6973.261
5961.51,5629.263
19391.09,18876.889
18229.66,18343.246
7023.17,6560.0737
6733.57,6508.3784
18761.54,18889.654
7089.53,6711.937
17582.66,18016.07
7280.77,7174.9224
18726.49,18666.549
5874.78,5820.6626
17411.45,17581.414
19347.7,19718.254
16472.09,16532.713
5346.7,4781.1826
6799.28,6702.229
16876.54,17217.576
5555.85,5597.451
6312.99,5819.0586
6363.1,6180.3125
4495.67,4191.955
6201.08,6216.238
5247.87,5525.9033
4360.74,4224.524
6026.51,6387.1978
5476.31,5311.343
5402.38,5601.4062
18266.17,18451.088
6537.67,6931.6533
17340.56,17512.0
7203.13,6894.637
6113.41,6133.137
5826.18,5541.177
17974.21,17548.996
7001.87,6615.7812
6847.18,6431.1562
15845.53,16126.699
4645.62,4845.7764
5264.7,5534.5986
17844.36,17755.94
5439.6,5016.6895
5784.04,6187.6787
17113.76,16539.64
4958.36,4902.4966
4959.36,5511.972
17260.98,17476.016
17217.13,16780.781
16913.68,17286.469
5966.82,6412.0903
6728.99,7160.2324
7487.06,7180.053
6735.88,6327.3105
18721.61,18373.701
4531.25,4631.17
5804.31,5333.2656
6342.24,6094.106
5419.6,5660.8237
18132.64,18588.826
6508.71,6544.5146
4925.13,5035.9375
5935.43,6006.32
5694.44,5555.7036
4844.36,5289.8193
7275.92,7137.3726
6486.57,6233.5635
5242.16,5769.871
5743.44,5675.244
17218.26,17531.062
17400.92,17562.783
6277.36,5952.1406
4060.68,4462.4263
5566.89,5148.247
6190.87,6295.9873
17908.95,18024.375
6271.91,6228.22
4842.5,4989.044
6161.27,6320.915
16476.94,16686.26
18611.63,18127.996
18951.26,19266.242
17941.31,18282.193
17075.03,17457.812
17291.3,17247.742
17542.06,17460.008
5931.9,6188.205
17213.65,17154.066
17548.28,18039.484
18563.14,18314.686
19238.02,19085.244
5716.51,5474.3154
16880.02,16751.934
4365.65,4714.874
5657.57,6135.8115
18091.49,18344.904
17724.86,17623.77
18350.38,18010.303
6639.57,6197.3013
6086.07,6576.5356
17389.87,17725.414
17796.23,17484.725
17800.53,17790.494
18303.68,18093.809
18278.65,18308.21
6844.38,6641.464
6177.12,5711.493
6800.09,6722.1074
16635.9,16824.74
5551.74,5712.933
17434.63,17078.758
4496.03,5076.9014
5043.25,4927.137
18246.77,18411.049
5225.22,5116.351
16693.4,16857.082
6912.93,6919.3745
16937.48,17407.385
18667.22,18147.516
18680.21,18254.379
19024.19,18867.828
6397.83,6566.805
4967.19,5105.088
5351.34,5552.464
5351.36,5905.4043
16870.74,17360.266
17325.06,17785.082
16854.54,17252.928
18349.25,18635.229
4916.77,5027.261
17417.9,17494.771
6558.39,6215.4375
6088.37,5735.5625
18863.73,18377.066
6103.39,5656.872
6662.34,6479.36
5104.19,4722.009
5725.96,5861.1406
5239.01,5527.5166
7270.44,7005.5327
17907.54,18257.156
6257.71,5810.195
16213.53,16300.027
6776.11,6641.464
17499.82,17245.32
6021.77,5879.2104
5130.57,5311.343
6587.86,6382.165
17873.86,18065.803
18419.13,18306.957
6772.55,6239.026
18034.75,18269.502
17699.39,17736.61
17663.36,17532.15
5524.91,5602.024
18152.98,18228.115
5458.87,5917.099
5212.48,5280.68
5360.11,5075.487
4817.94,4873.065
6006.33,6146.9854
6581.73,6050.8403
5886.08,6426.2363
6449.4,6036.975
17007.26,17180.93
18780.71,18591.457
6176.02,6504.495
16945.23,16961.684
17850.27,17410.666
17751.48,18136.21
5836.03,6359.1543
18707.92,18301.23
18476.7,18727.564
18882.36,19000.18
6403.73,6656.5874
6757.68,6392.1006
17724.06,17773.39
7123.84,7490.9346
6519.23,6260.705
5144.07,5309.8784
16646.83,16716.73
6713.17,6545.2407
18463.92,18528.5
5302.53,5773.555
7101.94,7227.8594
19033.05,18551.988
17749.39,17818.223
18268.13,17916.328
7049.82,6525.179
6407.06,6817.1313
18928.25,18459.078
6595.64,6374.6714
17612.77,17739.025
18177.5,18376.4
18353.38,17907.965
7439.69,7309.707
16616.56,16317.807
5584.19,5334.1753
18870.7,18854.977
5472.5,5492.2944
7107.64,6761.6826
18896.74,19109.54
5297.78,4896.957
4311.08,4710.2573
5971.03,5963.5205
16549.39,16622.104
18789.91,19079.426
17126.22,17022.512
18052.36,18555.129
17406.24,17251.262
18781.42,19032.682
17194.73,17307.234
6618.07,6301.711
6272.57,6608.1167
19195.76,18767.441
6657.56,6675.12
7152.59,6885.331
18447.33,18352.658
5920.89,6147.978
16177.6,16274.162
5823.29,6162.7603
4700.17,4597.6196
6278.27,6286.498
18480.21,18987.09
18024.82,17866.467
17930.18,17567.908
18643.83,18384.625
6852.08,6610.322
6116.99,6082.412
6635.14,6436.3184
6658.8,6375.1826
17192.46,17541.31
6486.32,6198.634
5256.86,5012.1826
5607.51,5782.5947
17644.26,17304.629
6490.9,6082.412
5813.85,5853.4917
16575.16,16312.758
4450.16,4599.1504
6809.86,7163.761
16627.1,16736.922
7657.67,7437.664
17730.24,17672.73
5940.87,6028.477
17023.78,17118.398
5522.94,5540.001
17617.42,17788.3
6184.91,6654.433
4693.26,4968.809
5129.86,5440.938
19087.49,18904.334
18696.32,19069.666
17786.11,17402.238
18001.36,18318.826
18903.99,19126.07
15770.89,16248.22
16777.7,17134.768
4890.35,4999.3647
18431.16,18410.541
6767.28,6416.954
6180.84,6031.348
4642.15,5097.554
5181.53,5466.2983
18977.04,18664.852
19758.22,19295.135
18426.09,18609.236
5384.46,5793.406
17810.16,17794.133
19146.22,19319.363
5071.42,5530.6914
4344.7,4558.607
7124.95,6760.4077
17009.81,17272.037
4593.52,4805.6123
17790.61,18038.18
6720.98,6576.5356
6721.82,6319.72
5180.87,5509.4624
17361.48,17374.379
17561.59,17955.744
5283.03,4890.6177
17479.95,17265.717
17986.71,18278.611
18507.58,18261.928
18485.45,18854.977
5674.14,5905.7725
5732.13,5634.3237
7193.71,6923.6997
6253.43,6235.988
16565.33,16551.41
6230.24,5886.201
5343.71,5443.9634
19347.27,19181.637
16711.46,17120.502
6543.04,6278.027
4393.79,4800.757
3837.44,4148.761
5832.95,5905.998
7250.18,7368.8335
16495.6,16385.648
17632.78,17440.684
6226.04,6383.2656
18979.9,18864.004
4566.32,4814.8804
18624.31,18378.834
6339.43,5840.037
17920.26,18447.201
5765.97,5185.1265
17914.75,17796.46
5142.47,4865.6895
6225.5,5678.55
18171.94,17851.242
18332.08,18250.389
17100.51,17421.826
19243.21,18814.516
17358.3,16872.107
5199.32,5729.292
5024.71,4865.6895
17995.46,17558.414
18014.13,17848.426
5302.88,5653.3306
6006.11,5944.993
5420.35,5799.6416
5822.97,5655.5337
5228.05,5434.79
5988.09,6273.4907
17973.65,17517.645
6712.76,6950.545
17753.51,17650.533
6467.49,6328.737
18952.7,18551.348
17728.84,17981.744
18387.97,18636.85
16914.5,17249.43
6611.29,6309.2427
17786.49,17457.684
19715.94,19381.55
4152.48,4529.97
17894.09,18269.371
6287.2,6460.8374
18004.76,17974.723
17956.85,18463.072
6484.07,6134.151
5907.18,5676.578
17004.18,17023.27
17076.06,16709.611
18649.14,19011.848
4541.33,4912.092
5612.59,5598.012
17117.87,17136.625
17290.51,17800.277
6827.91,7116.6313
5677.91,5611.035
18638.06,18931.822
16733.26,16981.525
16529.6,16348.697
19372.57,19227.59
5650.75,5993.9307
5906.14,6357.1006
17896.34,18348.178
18176.62,18444.814
5890.59,5501.553
5621.84,5453.776
17311.33,17623.531
5926.57,6166.823
5598.51,5292.182
6135.22,5925.9043
6161.33,5852.4053
17819.97,18172.992
6245.63,5792.461
7260.35,7266.157
17850.59,17569.9
17377.4,17253.412
17238.87,17067.088
19065.73,18601.879
18766.52,18440.113
6317.01,6626.4546
17762.0,18170.936
6748.08,6760.377
18303.14,17959.973
16465.39,16952.746
18725.05,18757.082
18645.38,18194.088
4658.92,5159.6714
4663.73,4851.154
5261.4,5601.4062
19361.72,18882.047
18272.51,18308.21
6255.2,5842.1084
19630.89,19301.965
7253.8,6734.2197
18049.61,17645.41
6597.42,6681.018
7097.87,6838.817
16730.11,17075.723
18449.39,18156.086
6404.38,6679.0044
18041.17,17622.137
5780.29,6197.0684
5679.36,6168.93
6028.08,5600.072
18701.86,18636.295
17902.62,18186.475
17150.97,17033.914
16962.24,16974.883
5180.67,5193.108
18645.25,18282.066
7489.07,7044.5264
5750.49,5659.769
18612.64,18436.938
5204.76,4976.0723
17467.29,17729.652
6198.43,6136.6963
17966.91,17992.879
4727.41,4861.27
6531.37,6834.9453
5399.55,5671.789
18511.98,18831.297
5595.52,5888.9697
18690.63,18702.312
5972.72,5639.2227
7083.42,7297.5303
18234.03,18659.955
6418.43,6894.6426
17403.15,17145.426
6458.81,6744.233
16193.36,16289.035
4688.31,4978.5146
7061.23,6679.0044
17745.55,17726.275
5796.06,6121.557
19281.72,19107.56
4205.38,4267.427
18973.05,18446.793
5212.57,4725.865
17082.47,16961.209
18890.88,18553.234
4988.59,5386.489
6560.13,6323.8647
4811.41,4799.406
17536.73,17297.73
4500.24,4398.815
18844.69,18877.035
6314.04,5927.7915
5211.36,5486.006
18587.56,18437.469
17273.67,16895.363
17602.97,17600.92
6831.49,7050.4507
4665.21,4357.7993
6331.27,6227.8228
6131.77,6521.9697
5757.69,5973.764
5274.25,5321.7173
7524.36,7565.946
17454.94,16937.633
5821.92,6148.6953
17967.05,18233.227
7613.96,7197.9146
17742.66,17628.863
18720.81,18666.537
17271.32,17050.951
17522.85,17700.385
16151.63,16547.447
16734.78,16996.572
7643.74,7845.078
17409.79,16993.271
5763.26,5685.439
6272.78,6372.532
17117.26,16589.58
17450.36,17308.61
17140.84,17353.791
17697.93,17761.469
6938.84,7179.3486
18953.73,18841.838
17183.96,17691.514
18024.9,18123.033
5694.43,5300.8633
5911.78,5600.7227
7302.74,7353.937
16882.3,16966.77
6497.33,6532.081
18571.4,18697.09
6134.44,5720.3086
6688.88,6162.7603
18532.83,18416.508
4444.41,4983.751
18759.91,19090.184
4648.26,5065.3496
18762.23,18799.076
5060.37,5252.2607
18479.82,18664.379
16477.96,16274.85
6537.22,6883.652
7219.02,6859.6753
5222.17,5477.5537
16769.43,16808.111
5064.86,4858.347
17911.84,18448.436
16674.53,16448.168
5855.35,5742.0347
7180.96,6827.858
18483.77,18319.568
5298.06,5511.5347
19158.44,18911.303
6732.45,6378.245
6406.54,6328.3096
5216.1,4929.881
18964.61,19102.045
17930.15,18320.8
6277.82,5780.101
17940.0,17752.143
17877.73,18194.346
6852.82,6879.638
17398.41,17110.705
6300.04,5949.8804
5866.7,6258.666
19333.57,19257.326
16983.91,17114.158
18776.57,18915.998
17252.13,17673.414
4551.17,4262.476
5876.43,5875.5454
19590.8,19085.59
18788.77,18445.768
18764.72,19272.377
5584.6,5976.508
5863.39,5549.7666
18598.15,18131.549
18971.8,18651.475
4280.57,4784.286
18475.44,18783.6
6378.97,6091.0415
5557.3,5457.17
18752.23,18979.832
17762.28,17986.787
5140.22,4861.54
16673.16,16771.445
6993.57,7434.8247
4940.43,4790.087
17665.73,17757.488
4789.45,5134.268
5341.22,5426.423
6761.77,6566.805
17569.77,17836.412
18727.21,19136.215
4386.93,4443.7837
16817.17,16511.852
5535.97,5699.657
5650.96,5614.6284
4488.42,4766.7534
5738.72,5531.7515
19400.4,19275.496
17028.37,16567.543
7426.17,7070.908
5001.72,5164.386
6372.87,6060.7876
17715.02,17816.197
5169.36,5660.2217
7102.98,6825.168
5536.14,5420.7017
5849.49,5882.161
5942.14,5790.3516
17666.75,17981.426
16765.55,16519.564
18422.29,18456.309
4657.06,4677.314
18929.57,18523.14
4799.01,4838.495
19379.05,19364.025
6026.92,5867.1094
17409.08,17781.457
18483.57,18427.219
19711.12,19582.6
18462.33,18812.934
18702.95,18344.613
17089.8,17394.887
16422.12,16847.164
5500.71,5397.133
16947.6,17158.049
5160.35,5076.74
5678.55,5261.9707
17507.56,17371.537
6361.54,6205.356
18845.54,18601.494
5648.91,5437.194
6462.63,6830.5117
19072.64,18654.451
18826.07,19010.93
6267.63,6328.3096
4989.67,4883.448
17078.05,17590.762
5540.04,5897.783
17965.98,17953.535
17955.49,18077.688
17730.6,17363.738
5081.25,5437.194
17901.14,17572.922
18794.82,19000.18
4842.44,5011.2417
16114.04,16480.887
6604.85,6195.0293
6220.44,6323.8647
5706.67,6294.991
17164.86,17545.428
6046.15,6197.0684
7064.22,6964.15
6168.71,6234.759
4687.06,4880.9277
17792.63,18061.107
6963.86,6486.49
4198.5,4320.853
17518.05,17225.13
16572.66,16761.55
6759.24,6563.3433
18325.79,17981.902
7232.45,7048.637
18708.36,19019.074
6326.32,6696.4043
6606.55,6247.8335
4889.09,5219.775
5465.44,5555.1514
5915.36,5500.7437
18761.02,18380.936
4437.08,4896.957
6119.42,6297.2334
17997.07,18078.76
6192.73,6319.72
18928.36,18777.357
5180.19,4680.079
18298.67,18542.285
6238.72,5876.1543
6125.82,6086.9956
16763.22,17007.105
4750.61,4589.2466
17946.45,17832.39
6384.42,6535.007
6043.63,6168.93
7045.89,6931.6533
6136.02,6494.117
6124.57,6586.5186
17616.86,17137.38
5505.44,5423.072
17680.08,17452.904
6462.32,6731.764
18147.58,17967.842
16810.51,17189.965
17245.85,17601.916
18744.81,18934.277
5423.1,5210.309
17076.03,17278.312
18593.98,18076.334
5833.11,5493.251
17212.92,17540.273
17248.43,17222.59
17873.83,17915.523
5324.79,5493.251
16958.15,16591.297
5462.24,5314.495
18437.33,18787.672
18453.37,18004.674
6907.86,6964.15
4801.16,5271.905
17953.96,17545.428
6485.24,6224.855
16616.54,16954.031
6613.25,6751.797
6885.5,6699.4707
4798.63,4480.3306
4206.96,4543.243
18159.52,18428.791
6945.6,6579.328
17475.17,16972.943
17511.29,17558.414
5058.36,5076.74
18436.06,18402.92
18186.15,17904.824
18144.39,18678.277
18064.17,18072.352
4849.47,5253.697
18244.45,18053.676
16878.28,16684.158
16172.16,16415.91
18186.11,18013.01
16363.85,16474.656
4707.65,4607.408
17765.29,17394.887
18841.64,18938.223
5179.28,4710.626
6566.18,6534.0376
17531.99,17801.89
5061.9,5427.8877
6063.77,6515.303
5605.21,5585.767
18291.67,18155.973
5274.38,5525.0493
16501.67,16559.44
18519.05,18162.875
4952.07,5219.775
5403.11,5221.3633
4811.59,5004.257
17794.37,17813.225
16885.96,16767.965
5403.71,5312.7065
5521.34,5749.233
4935.82,5009.5444
6709.19,6521.9697
6559.27,6357.1006
18273.78,18393.234
17705.25,17240.02
18882.31,18782.805
6006.29,5738.5444
18005.33,17540.92
18456.3,18056.861
17218.44,17164.086
4814.06,5247.2056
19476.24,19409.605
18274.18,18559.656
5494.01,5256.158
6654.98,6827.414
5635.47,6021.075
6207.24,6203.9688
18637.02,18791.117
6025.03,6011.6016
17929.78,18341.84
5527.87,6011.734
17823.89,18232.865
6902.63,6492.267
17829.1,17359.727
5267.43,4949.007
17054.39,17274.33
6389.17,5961.582
6352.02,5947.7407
4423.57,4805.9277
18821.46,18419.48
5272.28,5244.3027
18318.14,17994.113
5421.36,5722.845
18546.14,18209.729
6107.74,6085.5522
7665.73,7220.7236
6512.47,6213.0996
4919.62,5162.6284
17122.72,17553.588
7331.22,7137.2407
6378.78,6068.9854
5752.22,5610.1343
18001.15,17707.83
5454.03,5219.775
16774.53,16915.77
4539.67,4559.281
6618.6,7089.438
17642.31,17646.496
5326.51,5359.854
6101.73,5771.429
6129.66,5840.037
18889.86,18569.873
4180.97,4589.5977
6986.31,6955.6724
4833.62,5091.3345
16222.14,16426.574
6907.58,6673.329
6667.87,6900.332
5941.92,6163.762
6130.68,5866.102
18465.27,18728.303
18277.14,18728.195
16707.91,17130.785
6191.94,6422.0767
5699.82,5300.179
19646.49,19489.275
4702.2,4877.998
5860.78,6320.177
18259.24,18026.014
19175.24,18929.887
17794.2,17572.922
17790.47,17786.814
4829.34,5336.508
16543.42,16872.572
17568.22,18030.615
18785.2,18407.96
7118.98,7149.328
4795.61,5130.6187
18361.58,18221.818
5329.53,5313.0723
18047.87,17612.447
17639.17,17574.04
4655.0,5070.402
4035.58,4103.307
19342.75,19204.527
4926.8,5119.9937
17539.13,17466.592
19132.98,19358.992
5722.42,6113.794
17608.7,17176.621
17310.45,17344.234
16852.12,17115.754
16815.73,17054.92
18503.18,18295.242
17818.11,17806.041
16523.11,16504.043
19263.44,18918.555
7076.45,6659.779
15959.79,16249.502
5047.55,5346.1035
7491.52,7134.58
18960.23,18684.201
17666.75,17565.953
5846.32,6002.8833
17603.04,17220.266
6039.07,6375.4326
4999.8,5320.662
5723.86,6171.65
18341.53,17891.832
17442.49,17546.494
6962.99,7419.553
19015.75,19346.96
18217.34,17802.05
5157.85,5182.334
17471.26,17961.625
17852.58,17739.025
17155.99,16656.105
17141.34,16936.785
18836.25,18784.037
7012.81,6793.197
5393.3,5951.806
17459.58,17349.906
17904.12,17554.113
7099.28,6835.961
17912.23,18189.828
19535.66,19435.973
17222.18,17396.715
5613.78,5125.453
16882.74,17107.805
18510.83,18027.715
6639.09,6899.9126
18690.51,18527.098
6569.73,6736.6943
18952.76,18686.168
5305.45,5716.065
18675.35,18495.887
19044.79,18580.352
4989.38,5119.4985
5408.66,5437.5825
16961.32,17357.18
16536.13,16974.625
6996.15,7006.2734
4779.01,4508.9873
17453.21,17306.0
5759.63,6195.8374
4814.83,4376.6196
4033.45,4089.4497
5452.54,5844.5767
18971.73,19195.904
19703.98,19498.234
6393.42,6675.12
19664.75,19527.957
6599.33,6832.235
17954.85,17771.914
18245.04,17913.172
19326.5,19602.475
19606.69,19167.227
6415.99,6431.1562
6418.54,6000.4644
5184.36,5075.649
17993.1,17764.996
17121.34,17002.906
6011.04,5857.0938
5526.39,5974.6836
16789.83,17213.543
19758.23,19311.266
19867.07,19551.52
18512.71,18096.254
18740.61,18243.566
3805.54,4183.091
18157.67,18433.023
6114.35,6679.0044
19087.98,18802.277
19779.96,19245.664
5768.3,6046.5083
18767.65,18436.234
17350.46,17724.783
7442.91,7194.3403
17455.16,17891.445
16592.47,16867.668
18350.29,18088.535
6070.66,6357.1006
18628.57,18654.451
16557.09,16629.082
6123.4,5943.411
18229.68,18159.283
16610.64,17005.64
17665.33,17240.564
17933.76,17580.525
5270.42,5091.3345
17382.53,16996.594
16557.75,16653.268
4326.24,4676.3145
6207.41,5713.0273
16620.19,16904.385
6804.04,6704.9307
18929.94,18745.506
18309.15,18181.838
5363.66,5822.533
7015.41,7545.4634
17653.84,17234.227
4883.39,5118.0146
5639.68,5626.0557
18350.98,18327.312
18023.68,18534.24
5809.17,5531.6177
18312.89,18636.85
19101.24,18766.1
17368.59,17115.383
6208.81,6178.766
5182.84,5097.7305
6120.53,6516.3345
5080.98,4978.5146
18494.4,18814.959
5573.02,5412.5176
4355.6,4770.1777
17633.3,17662.426
17966.97,18432.045
18013.55,18312.191
19560.49,19145.1
4842.89,5091.4355
6864.8,6969.964
5865.66,5829.632
17909.11,17929.027
5087.66,5202.857
5020.09,5250.8193
5007.85,4513.4204
6707.89,7044.1504
18732.22,18207.805
6422.88,6700.186
19798.06,19360.36
6176.2,6537.6323
6839.18,6517.0786
18066.73,18123.264
16361.6,16825.215
17592.9,17270.773
6982.72,6893.0107
17370.3,17236.582
5930.57,6218.171
5270.66,5474.483
19335.53,18842.9
17578.25,17407.385
17057.46,16776.48
17726.59,17633.688
5220.22,5332.9844
5477.29,5484.2983
18564.48,18322.652
16926.15,16892.473
19061.11,19057.648
5677.58,5439.4023
5816.73,5732.8755
19522.1,19425.508
18374.78,17904.428
18497.43,18731.938
16744.0,16762.062
16404.76,16604.992
5530.8,5585.5405
17408.28,17571.531
5299.67,5588.148
5475.34,5100.9546
4708.99,4929.216
17637.92,17818.756
18399.94,18494.652
5806.45,6082.7285
16968.12,17145.426
19412.23,19191.965
17286.28,17802.125
5700.4,5742.0347
18330.66,18490.375
16794.68,16787.105
18035.84,17749.549
6505.1,6381.559
6935.41,6533.798
6274.2,6162.6084
18310.76,18344.613
5206.53,5533.3594
4067.26,4341.089
5854.28,6047.8853
16207.0,16607.494
17502.58,17188.062
5198.02,5257.881
7081.11,6922.085
5238.84,4859.265
6603.43,6085.8193
17269.45,17380.166
18839.96,18645.197
7504.0,7146.1504
18993.21,18842.256
16638.56,16452.447
6930.32,7093.9727
6622.46,6441.667
17495.88,17307.234
17036.24,16556.67
18148.52,17789.535
17712.43,17519.262
17888.5,18336.945
5792.53,5265.82
4333.26,4624.3926
19958.17,19609.814
6737.73,6429.6914
16924.47,17030.11
5414.05,5815.2524
7000.48,7311.1943
6572.16,6331.5293
6487.7,6545.131
18153.92,18441.01
17776.47,17321.54
6347.61,5994.486
16949.72,17237.922
18054.4,18287.729
7022.52,6691.015
6238.49,5868.048
4462.79,4769.789
7092.5,6525.6567
5749.55,5501.246
19123.03,18737.738
7199.03,7070.4756
19322.18,19105.02
5833.67,5765.72
8006.98,7675.365
18665.2,18275.041
16560.2,16619.055
16644.16,16983.645
18696.95,18174.598
17754.82,17698.848
5408.76,5692.213
16589.98,16865.541
18047.19,18076.334
19080.91,19030.17
5763.15,6117.813
17849.08,17649.393
16986.23,17092.582
18556.84,18404.797
19216.16,18952.682
19826.15,19510.629
4603.56,4929.6396
4952.59,4831.6284
18528.98,18756.645
17597.53,17478.963
5766.01,6133.137
5195.69,5104.016
17714.35,17378.932
17304.71,17462.723
6450.31,6098.6567
5811.96,5692.622
18680.53,19184.39
4823.44,5086.846
17600.31,17691.324
19228.59,18804.418
19335.16,19067.363
6207.06,6545.2407
4794.18,5039.9473
17772.29,17644.914
16591.1,16558.004
17428.01,17886.203
16562.84,16680.322
19042.06,19139.44
16683.77,17087.549
7439.15,7308.939
17299.34,17534.055
5306.01,5618.3545
5697.47,5474.9785
6330.27,6388.0547
18472.86,18755.604
18775.72,18888.434
17414.44,17989.182
15931.66,16349.895
18227.41,18410.111
19296.85,18792.62
4710.85,5145.468
16468.36,16794.594
6112.74,6561.1274
5861.85,5602.303
4605.24,4980.5747
17669.06,17233.39
6284.11,6358.8066
18523.35,18857.79
18321.3,18322.377
17704.87,17783.084
17645.06,17680.648
5621.36,5219.775
17312.33,16936.521
17005.87,17256.959
16970.74,17316.428
6989.68,6411.749
17481.27,17404.031
6450.94,6056.2686
6399.75,6035.7026
16687.58,16720.088
19295.66,19184.39
17112.98,16603.555
5030.45,5425.9805
6126.14,6164.529
18840.46,18943.928
18594.43,18120.44
16234.62,16685.986
16933.52,17096.797
5188.23,5467.725
17319.36,17562.291
5370.74,5062.9917
4080.17,4543.243
17523.76,17544.117
5394.97,5316.4614
4917.47,5331.981
6324.93,6194.362
19085.62,18976.531
7322.23,7163.761
5870.54,5552.777
6716.21,6803.464
19236.87,19709.346
18689.42,18786.594
18174.37,17811.486
6209.23,6323.8647
17520.44,17823.475
5578.85,5751.008
18130.55,17903.59
19037.15,18799.797
18134.31,18586.488
17721.59,17429.137
6870.91,6659.11
17372.54,17520.945
18009.32,18428.062
19711.97,19485.293
18474.71,18778.395
5786.11,5304.8706
17239.21,17283.084
5446.98,5879.9863
7121.97,7069.474
18871.59,18410.244
17770.36,17456.969
5669.24,5555.1514
17524.52,17447.395
6487.19,6467.301
4819.44,4399.1836
5270.67,5802.628
17390.68,17246.914
18910.5,19276.242
6286.01,6522.4395
18351.25,18022.7
16152.56,16338.449
17582.9,17052.537
18784.94,18903.094
7256.31,6869.585
18624.18,18686.121
18428.77,18540.314
16632.8,16893.672
7509.14,7437.664
17636.87,17902.557
5259.21,5764.2783
6432.65,6673.0327
17457.16,17456.97
5130.9,5468.594
6046.66,6327.2437
17143.46,17231.936
18428.76,18319.568
5854.93,5408.353
5983.78,5742.5176
7699.33,7347.48
6637.17,6683.8857
17532.0,17517.645
17557.21,17606.547
6937.57,7237.116
17873.91,17591.328
18690.68,18410.66
17190.09,17104.832
7249.25,6838.662
6476.63,6719.7153
16968.53,17360.266
3975.7,4298.5635
19051.41,18576.707
18556.67,18231.074
5149.83,5206.113
4452.81,4886.2085
19491.21,19127.445
5156.25,5463.4165
19862.08,19360.36
6649.26,6534.2
4387.02,4472.4995
16635.55,16778.336
18603.66,18118.846
18276.83,18679.154
5773.8,5893.8765
18042.78,18381.553
18018.64,17742.445
18546.14,18850.568
4693.62,4752.9473
18836.87,18572.28
19077.74,19534.44
5046.54,5303.78
6600.47,6226.768
18874.12,18607.258
19783.08,19382.822
17977.43,17686.738
17795.67,17556.566
19741.61,19405.508
6471.63,6329.3193
6427.45,6832.6997
6956.55,6403.3184
17209.75,17560.324
16017.9,16547.428
6013.93,5595.3853
17387.2,17378.766
17992.19,17521.277
5726.17,5705.0386
4980.73,5539.4023
18295.84,18176.402
15780.66,16353.19
19627.72,19572.887
18198.18,17970.434
17361.24,17811.871
18099.7,18534.24
17866.85,17448.13
18262.36,18386.877
17354.44,17785.941
17898.23,17954.902
7429.19,7224.756
16358.85,16825.215
16635.37,16523.676
18304.79,17915.523
15904.11,16290.076
19425.12,19485.43
18791.76,18897.379
19204.79,19178.422
17610.09,17902.35
18063.24,18441.59
18803.18,18678.277
17059.44,16779.773
17298.4,17316.576
5255.83,5670.44
6199.9,6038.02
19057.37,18647.518
5439.29,5465.1587
4863.17,5084.0684
5970.73,5935.7617
7105.63,6667.444
17060.02,17360.266
17584.79,17059.488
18222.73,18137.562
6525.35,6425.2544
6320.9,6842.268
17626.62,17825.256
18480.19,18237.863
19392.75,19212.12
18463.84,18342.99
19017.11,18674.695
5473.51,5078.426
16983.14,17447.738
4701.55,4675.057
17446.49,17768.531
4748.22,4789.206
17594.37,17528.854
4862.16,5216.9824
5739.3,6061.441
5163.3,4932.685
18713.17,18667.361
18490.19,18062.404
17486.27,17746.422
18030.89,17652.877
6429.8,6752.522
16972.74,17002.125
18351.22,18079.67
17183.12,17465.781
6093.01,6059.1455
18975.45,18563.283
16463.04,16336.715
18200.12,17817.115
17300.76,17691.324
16525.49,16890.22
18164.52,17947.0
17938.0,17521.945
18374.82,18565.248
5825.71,5559.3677
5440.95,5247.374
5955.63,6308.0386
5920.29,6153.6704
16808.11,16905.76
18382.05,18321.562
17667.0,17603.701
5802.56,5913.5527
16592.19,17117.229
18909.06,18867.031
18509.07,18263.55
5505.48,5884.4033
6313.47,6351.5664
17401.42,17709.896
5305.74,5353.067
17655.01,17444.537
18189.9,18334.504
17686.89,18180.498
18068.19,18212.482
18731.93,18644.18
16248.07,16423.832
17776.72,18131.77
18442.78,18619.107
18596.04,18274.422
17266.12,17426.76
16930.25,16874.889
5383.88,5525.0493
17540.24,17911.115
16698.66,16887.387
18242.37,18084.965
17626.32,17403.168
6138.32,5787.3926
5167.38,4859.669
5471.91,5466.2983
16891.2,16777.193
5342.36,5543.845
4981.31,5399.14
6177.02,5962.262
18694.78,18266.582
18428.8,18572.316
6619.72,6235.988
18687.4,18499.988
15957.6,16448.877
18395.94,18340.598
6258.2,6011.734
18578.59,18197.727
5519.54,5276.6157
16571.07,16858.74
5832.12,5552.2026
16742.31,16826.654
5352.54,5300.8633
16852.39,16473.322
17068.66,16836.09
6072.43,5749.8013
6061.98,6411.749
17450.09,17656.207
19158.56,18732.459
6024.63,6078.7275
17870.94,17861.133
16402.16,16588.227
18001.72,17931.105
18512.88,18288.752
4801.16,4887.9365
5864.91,5593.0713
17836.64,18175.98
17879.93,17734.842
6257.72,6623.793
6259.72,6175.754
16076.79,16560.367
15666.99,16237.633
17279.96,17113.617
17058.61,17344.89
6810.12,6766.707
5876.48,6044.708
6117.56,6046.627
6757.67,6487.0693
17534.2,17785.941
5918.29,5665.1396
5782.64,5810.1006
17285.07,17453.16
16859.52,16836.865
18194.98,18020.637
18035.73,18335.23
17604.86,17099.16
17989.45,17720.314
6947.38,6613.777
19027.85,18694.84
5981.65,6065.9897
5436.3,5192.206
4890.95,4632.702
5851.23,5867.076
16819.65,16660.252
17343.28,17633.688
5461.95,5866.102
6192.68,6587.6763
5329.21,5593.6514
17909.0,17425.326
4829.04,5146.927
7108.02,7230.435
6218.27,6458.863
5528.2,5251.0776
18268.01,18635.373
17302.44,17507.46
6265.35,6557.097
6555.18,6833.0986
16776.0,16876.338
4401.38,4556.471
15908.33,16301.192
18233.06,18426.367
5958.48,6151.821
19046.01,19028.848
5700.76,5327.412
17307.29,17799.85
5342.75,5477.484
4030.23,4522.6997
16684.88,17165.428
16999.82,16687.123
17266.07,17666.771
5443.52,5679.6357
6484.84,6292.37
6161.28,5646.644
5214.87,4894.9395
18854.15,18766.1
19268.87,19137.098
6273.98,6133.4053
5592.25,5654.431
6223.95,6739.6875
18370.19,18474.271
17623.12,18132.531
6378.34,6263.398
18753.67,18719.19
5370.18,5070.402
6434.58,6330.4165
5876.45,6003.072
6763.31,6363.9487
5242.52,5481.032
17732.33,17962.916
7689.4,7487.831
18107.15,18294.88
5436.62,5621.896
18754.95,18715.436
5503.8,5701.632
17679.11,17604.682
18665.49,19081.61
6416.29,6706.2944
18460.13,18881.09
7127.21,6664.5063
6385.79,6320.177
5354.41,5039.5723
4605.16,4297.7817
5840.47,6247.335
17038.91,17426.893
7437.98,7163.183
17840.35,17539.04
5759.88,5521.2876
4912.03,4835.9736
18361.02,18557.371
6179.47,6022.9863
17635.3,17581.316
18452.14,18667.463
6663.01,6464.873
7198.54,7322.2534
5842.13,6079.4775
18193.24,18259.957
17922.75,18124.496
5736.89,5771.429
17025.38,16872.965
19425.27,19177.352
5738.6,5967.812
5517.94,5211.5815
18487.58,18695.857
5457.85,5234.497
18791.37,18537.271
17504.83,17756.42
5871.23,5849.9443
6773.39,6769.6284
17088.49,16881.824
5488.59,5244.3027
18862.09,18975.32
16156.56,16769.271
6236.81,5926.4824
6443.03,6230.448
18075.35,17758.838
3951.88,4384.069
5111.81,5282.906
5539.66,5157.9473
18169.44,18304.986
5197.05,5684.688
7278.94,6808.989
6662.64,6116.1313
18328.91,17982.941
16387.47,16132.09
5768.12,5796.549
17130.48,17569.9
6679.66,6604.0986
6419.73,6479.8145
19127.93,19066.066
6823.81,7230.435
5872.69,6229.7754
19314.75,19077.629
6435.67,6255.0737
6227.92,5990.2847
18901.93,19096.709
5224.48,4922.1846
5693.22,5773.555
4996.75,5218.6953
18021.66,17990.674
5901.79,6137.859
17040.58,16663.938
7106.56,6993.084
4140.33,4341.089
17699.89,17781.457
5934.52,5484.2983
5535.3,6013.9116
6358.91,6669.3667
17424.99,17179.887
18109.67,18076.697
5254.14,5725.567
6395.81,6668.6157
6028.26,6075.357
6474.95,6545.131
6524.5,6287.2427
5713.43,5881.149
18422.26,18376.375
6238.33,6433.4434
17563.1,17698.846
5989.35,5603.8096
17175.0,16968.367
7573.37,7187.728
6637.59,6670.729
5142.84,5638.5723
4795.37,5228.9263
17665.62,17266.896
17910.42,17850.676
18035.99,18225.967
4179.28,4294.665
18143.41,18457.846
4471.46,4953.965
19034.98,18966.32
7664.85,7671.572
17654.89,17646.639
18401.4,17939.914
5038.73,5414.532
16084.39,16582.08
19275.83,19294.012
6291.61,6185.2437
7021.68,7064.8643
17871.24,17991.822
18253.68,18561.49
18331.31,18188.3
5725.48,5671.789
5140.82,4730.708
6157.39,6159.021
6929.12,7223.3794
18259.37,18298.697
16405.78,16443.326
6506.84,6335.202
18014.19,17696.846
5053.93,4913.5493
17983.37,17772.51
7023.4,6967.679
18243.41,17886.469
5036.27,4877.998
7145.41,6942.836
6042.44,5952.567
6857.69,7282.9834
6390.14,6176.2856
19120.14,19485.277
17987.27,17918.197
6727.02,6634.7773
17376.54,17792.137
16992.8,16910.176
18607.4,18624.88
18806.89,18906.402
19040.74,18448.055
17290.18,17179.887
16269.01,16251.213
6890.55,6948.4844
17749.39,18074.309
18614.54,18354.998
17709.53,17283.084
17805.28,18060.658
16185.62,16546.898
6061.56,6480.35
19280.5,19655.781
17934.07,17807.932
6786.12,7128.435
6212.49,6503.2563
18490.42,18122.555
16278.21,16232.604
6513.85,6308.487
18148.39,17788.086
6516.36,6322.0405
17535.3,17156.19
18285.47,18066.896
5108.35,5312.7065
6261.96,6192.775
5052.21,5411.545
6978.14,6808.8105
4963.79,5041.6343
18194.38,18606.596
17211.52,17535.557
6043.63,6196.17
17264.67,16783.303
17023.91,17341.41
5173.84,5701.632
6617.77,6274.392
19457.0,19050.262
5811.85,5669.205
18440.58,18174.084
17257.61,16936.844
5653.83,5636.855
17406.34,16895.1
5155.92,5551.2725
18375.12,18190.559
17485.97,17520.707
5450.02,5806.933
6671.32,6587.6255
16887.04,16994.29
7471.37,6973.261
6865.55,6879.638
18679.72,18662.111
16909.08,16940.502
16974.3,16694.707
6127.9,6517.593
4739.39,5109.907
5169.26,5715.0024
17797.43,18054.3
6278.23,6572.5723
17389.88,17127.305
17815.27,17550.953
5958.48,6431.1562
6194.88,6429.6914
5365.42,5453.958
17148.72,17678.014
18266.51,18101.049
18042.93,17805.791
18312.9,18090.307
16000.29,16367.121
6056.94,6418.059
16399.97,16656.68
19132.39,18811.459
18055.29,18169.416
18065.69,18254.887
19148.21,18737.738
4581.87,5014.994
4436.59,5018.6343
18784.75,19206.646
6263.05,6053.9634
6119.48,5840.037
5277.42,5105.088
6822.52,6995.636
6598.56,6155.2617
5534.13,5738.447
18270.26,18434.508
16816.8,17014.37
18247.21,18607.258
5006.8,5236.366
5584.87,6117.813
18263.1,18329.34
4671.85,4853.8643
5157.1,4866.4883
7080.34,6835.803
7327.23,7389.9097
17338.69,17408.406
18012.0,17913.695
16657.62,16911.748
6607.15,6248.124
5195.68,5392.6865
5898.52,6215.3784
17470.74,17313.115
18249.94,18157.51
5997.56,6338.3823
19344.43,19183.344
17348.14,17383.61
19120.01,18822.57
5012.74,5551.2725
17693.82,18172.223
17096.92,17417.152
16855.04,17207.67
17296.14,17674.893
19551.07,19421.729
5585.51,5530.8027
18017.74,18152.727
4852.06,4793.361
4809.93,5221.3633
17497.99,17428.9
18794.76,18601.633
17067.87,16762.062
6804.47,6512.2915
18294.99,18061.658
17240.34,17610.51
18873.87,18491.406
6211.87,6231.5166
6271.68,6285.1577
17986.56,18164.602
6059.88,6397.884
16734.28,17160.107
6295.88,6326.0825
7122.37,6883.2637
17841.32,17473.727
17753.95,18214.33
18382.35,18437.336
5376.42,5876.5034
6310.38,6294.526
17636.62,18019.852
5267.71,4859.669
5180.89,5012.8623
16829.4,16657.576
17512.26,17695.887
5445.38,5186.5786
16953.89,17307.854
18465.78,18097.744
6688.18,6574.34
7548.94,7191.8403
6550.46,6239.026
18195.78,18324.852
5430.7,5665.64
19196.03,19170.49
16606.74,16382.314
6541.65,6700.186
6068.17,5692.622
4521.61,4800.1357
6563.53,6879.638
16468.72,16617.863
5847.06,5408.2295
16987.27,16828.98
7094.04,7187.728
17927.21,17341.826
5350.1,5385.9634
18421.25,18056.521
4607.71,4906.158
6300.3,6142.943
6014.82,5786.8037
6146.38,6634.7773
16794.86,16930.332
6397.79,6162.724
18218.52,18585.98
4959.04,5272.4146
6673.93,6573.8306
5094.89,4929.046
18259.89,17933.885
17354.97,17419.102
6093.8,5670.44
17026.64,17162.477
6318.82,6722.2695
16406.04,16647.32
17397.57,17305.008
17131.58,17136.566
17381.47,17206.97
6256.63,6163.762
18443.88,17991.822
18320.93,17974.723
4639.6,4873.527
17674.4,18066.395
6004.87,6433.4434
6277.42,6397.0073
7152.03,6680.031
18441.83,18436.102
19072.59,19370.125
16930.14,16900.32
19041.65,19297.537
5777.27,5974.5215
6523.0,6222.5967
18985.14,18891.133
5455.49,5306.988
18272.6,18446.408
16620.78,16988.69
5496.11,5816.475
17809.79,18156.887
6630.94,6742.5903
4835.13,4752.3496
18141.12,18207.639
18705.66,19006.035
18685.89,18635.229
5634.25,6093.8384
4977.3,5060.451
5441.53,5351.361
18114.96,18366.9
6479.93,6600.033
17132.59,17599.096
5056.61,5444.117
17457.34,17556.566
4634.42,4139.7437
7513.43,7074.009
4918.55,5302.7637
17658.93,17171.34
7000.86,7387.953
17918.5,18294.01
4965.53,4920.511
18639.69,18764.828
6169.04,6517.9043
18220.04,18251.457
6317.41,5918.3438
17571.26,17503.861
19064.3,19427.22
19408.84,18936.348
19113.6,19084.355
17787.42,17930.852
17105.69,17665.668
18119.86,18669.023
5639.89,5900.6245
16710.56,16837.0
16296.31,16639.031
5506.07,5285.7324
6152.97,6323.8647
18349.78,17840.363
5391.66,5786.8037
5277.41,5012.8623
17904.01,17716.16
7002.25,7043.9614
17477.34,17610.367
6167.98,5819.2437
18530.94,17992.879
6272.74,6528.2065
19688.8,19253.1
5652.74,5552.1377
17645.92,17160.17
4892.36,4507.117
5534.78,5903.121
17225.96,17393.78
5185.22,5403.0093
6108.7,5769.871
5549.48,5631.5312
6321.21,6175.754
17427.84,17223.135
6027.51,6404.9717
18018.92,18214.238
18025.32,17797.742
17954.75,17452.844
19037.11,19205.414
5708.41,6204.9243
7382.75,7068.7856
18977.74,19182.604
17071.57,16874.041
7029.84,6885.8413
6278.9,5810.235
4456.25,4047.482
6232.28,6199.3076
19620.49,19334.66
5509.47,5676.578
18954.44,18664.324
19177.53,19148.783
19007.2,18592.441
17467.76,17339.273
17264.04,17323.773
4668.25,4195.3774
17312.87,17431.887
5789.49,5978.8887
6499.64,6485.4478
5455.2,4989.609
7321.43,7277.2095
6760.57,6794.209
17704.63,18021.48
17114.02,16924.43
17906.06,17933.389
18096.27,18449.14
6825.4,6897.245
17179.59,16947.121
16384.98,16799.96
18888.35,18812.143
5821.37,5865.761
5053.81,5114.4463
19565.38,19083.3
6993.18,7340.0493
5779.15,5888.111
6816.46,6743.3716
7535.77,7412.756
19249.39,18757.082
6566.6,6463.696
7487.54,7089.438
7094.33,7206.939
6948.38,7010.4956
16888.19,16876.338
16441.68,16487.072
4444.64,4549.7915
18419.94,18667.752
18892.4,18428.613
17239.76,17487.035
18912.82,18522.545
6138.84,5974.344
19292.61,18763.459
19092.03,19287.916
19261.7,18839.355
5113.77,5116.153
5201.81,5053.9087
18357.82,18116.387
18449.22,18259.957
5368.43,5555.247
6629.55,6124.2676
18742.9,18476.41
18000.29,17725.12
4755.68,4413.58
6801.69,7251.4214
17590.81,17080.84
6290.24,6563.3047
5241.82,5700.0117
6835.82,7279.92
5324.26,5423.712
18712.12,18719.312
17210.51,17115.875
17385.04,17464.25
7073.01,7313.7812
19023.37,19022.305
5752.18,5935.803
5292.75,5624.4707
17501.13,17411.23
4840.31,5156.879
6168.96,5962.207
7148.39,6966.318
19457.76,19017.727
17553.87,17058.188
18681.92,18541.791
5350.54,4974.2363
18778.35,18452.102
7115.6,7425.8154
6630.54,6693.1206
4312.12,4536.7114
17808.82,17435.928
5549.2,5418.4785
6160.96,6376.208
5615.45,6024.9487
17581.93,17976.125
6948.19,6883.2637
17175.98,17592.29
18467.1,18231.836
17946.44,18489.012
5606.1,5497.2886
6367.81,6550.7236
16695.04,16617.012
15781.39,16181.121
5109.39,5348.593
17762.81,17992.588
5349.03,5256.158
17628.86,17998.594
17031.11,17487.3
5202.4,5060.9805
5611.44,5161.7046
19285.77,19024.404
6642.58,6934.7383
18886.62,19237.863
17033.68,17266.896
6695.72,6337.8276
16937.78,16486.004
4842.53,5040.4136
6525.63,6700.186
7167.14,6840.449
18049.34,18551.988
19409.11,19327.984
16791.3,16507.953
17404.25,17440.684
6747.64,6749.993
17154.17,17234.227
18514.17,18114.764
16668.34,17109.68
18025.93,17699.664
17742.88,17161.242
18217.64,18602.283
5488.19,5383.7783
5169.87,5130.6187
18290.34,18029.24
5484.03,5079.1113
18378.48,18274.111
16938.34,16829.459
18168.36,18686.191
18702.55,18292.676
7667.6,7582.7344
16284.7,16602.984
5454.55,5604.338
17760.75,18187.477
18697.97,18408.486
5746.25,5991.2407
5584.82,5641.933
4521.35,4650.374
18472.65,18021.55
17436.42,17598.055
19425.65,19217.574
16053.49,16234.887
18197.24,18228.117
17919.64,17476.25
19160.53,18727.453
17870.95,17664.035
17124.17,16886.152
18902.32,19183.828
18691.41,18238.703
7414.66,7254.2007
18417.2,18745.701
18215.57,18549.578
6279.97,5850.371
5193.86,5622.8267
3999.41,4004.505
16679.16,16928.41
5133.53,5425.9805
6571.0,7073.1504
4901.26,4768.9863
7029.21,6608.1167
18618.25,18636.842
17757.56,17953.535
18116.81,18536.04
6003.05,6392.1006
17448.77,17138.615
5810.12,6309.0303
17015.56,17457.812
17536.1,17544.117
4444.7,4825.0923
5614.1,5778.2583
18513.07,18089.654
4450.53,4853.1016
5471.91,5538.4663
18635.77,18544.598
18535.0,18126.572
6241.68,5777.414
18706.63,18850.938
5947.33,5770.9404
17342.68,17253.412
6835.72,7254.2007
5606.19,5423.631
17827.19,17850.598
5618.36,5951.6597
6421.47,6617.0396
17182.27,17741.39
16306.49,16630.123
16850.13,17283.045
6382.28,5938.4326
4225.47,4687.0527
16850.44,16834.408
6552.29,6358.8066
4784.25,5063.113
5949.37,5501.3877
18920.32,18684.91
5052.43,4714.874
4253.83,4680.7354
17824.22,17770.342
17854.67,17950.496
17480.32,17282.64
19439.81,19148.783
4323.15,4692.78
6354.29,6661.148
17975.88,17825.059
18426.94,18449.14
18179.51,17676.336
6011.39,5818.7075
17495.12,17922.2
17046.52,17360.266
6884.87,6671.8086
19037.72,18583.986
5001.62,5451.128
5330.25,5439.4023
6647.97,6470.6567
19325.04,18779.521
18684.15,18678.56
19198.89,18910.068
16915.29,16746.717
5965.54,6170.2075
5213.23,5434.0317
18437.88,18493.021
17754.39,17797.742
5955.89,5834.728
6412.25,6731.362
6881.06,6554.3047
5847.07,6103.4014
4953.71,5058.492
6047.55,6431.443
17786.97,17381.473
16427.25,16649.855
4718.27,5212.4106
18642.83,18809.148
6480.16,6142.7104
17655.94,17790.795
17680.0,17411.9
17271.19,17463.824
18834.9,18691.904
16546.86,16633.441
16536.83,16875.074
16325.16,16589.58
5457.92,5861.089
6984.56,6767.9927
5283.13,4883.72
6708.86,6414.805
6450.76,5926.7266
17612.51,17640.818
16308.65,16826.18
18465.84,18290.229
6938.03,6843.581
5583.87,5335.3276
6615.05,6558.3774
18827.44,18774.836
5427.78,5867.076
17350.35,17154.066
17553.93,17214.336
18401.9,18765.02
4747.94,4650.374
17502.84,16994.824
16855.78,16962.08
6336.42,6638.0923
18996.92,18444.814
18341.54,18392.0
18140.56,17856.125
17521.45,18008.07
6768.55,6360.969
18498.31,18789.754
7023.97,6700.186
16942.32,16502.47
7350.58,6959.1104
5713.32,5311.343
6761.56,6677.7324
17756.51,17539.04
6446.36,6650.4272
5981.23,6368.567
6912.37,6673.329
5139.53,5244.3027
5292.84,5181.3174
6625.98,6691.015
18943.88,18490.375
7687.49,7760.7554
17087.5,17409.066
17442.42,17497.746
6823.54,6679.5073
5533.12,5192.206
18798.02,18678.682
6022.81,5931.583
6018.41,5627.624
5206.07,5138.8335
6269.94,6347.226
5052.59,5044.539
18297.69,18120.328
5606.94,5947.215
18532.37,18156.834
16755.83,17021.26
4751.59,4453.832
18271.01,18756.52
4761.17,4973.093
17296.55,17065.654
4655.26,4358.168
6717.42,6699.6235
6822.52,6223.2754
18129.63,18269.371
18366.69,18236.523
6778.45,6702.229
17426.63,17141.385
7066.5,6658.5156
17607.11,17300.57
5012.45,5545.877
18433.15,18736.086
17574.56,17149.715
7143.76,7277.4043
5272.94,5681.701
5672.9,5863.6543
6730.44,6954.512
6712.67,6288.808
6197.91,6307.8438
18478.09,18266.586
4148.95,4400.0327
16815.42,16588.227
18304.28,18799.797
17188.73,17500.43
18953.03,18542.734
5789.96,5623.8193
6487.48,6742.7163
17564.8,17570.922
17882.22,18040.01
6019.82,6026.719
5715.89,5920.0913
7204.5,6825.647
17744.49,18140.08
5531.93,5607.0034
4475.99,4705.215
5241.45,5177.383
17940.57,18111.516
17495.98,17596.271
17631.07,17015.848
17575.61,17384.797
17702.79,17315.168
16220.51,16465.904
17374.02,16896.96
6846.96,6479.36
6638.2,6198.634
18805.04,18367.883
17523.26,17221.102
19462.29,19571.41
17529.62,17741.93
6150.85,5661.772
6587.58,6579.328
17875.07,18410.129
4698.96,4671.476
17761.23,17671.566
18146.17,17709.545
18038.64,17797.742
16950.41,16693.352
17628.31,17701.352
18566.32,18737.13
18339.67,17966.898
6449.51,6033.815
18664.49,18327.312
6291.47,6675.3286
6867.92,6640.277
4963.59,5305.915
18729.47,18420.969
7369.57,7173.251
17555.62,17694.34
17652.88,17612.371
18756.65,18386.424
6023.69,6354.9653
19154.49,18743.395
7297.21,7550.416
6535.24,6583.726
6390.26,6535.007
18469.08,18117.912
18212.59,18670.428
6087.81,6385.7856
16547.44,16247.334
4899.96,5397.133
5907.72,6284.3716
4969.9,5437.7036
17679.37,17369.055
5889.31,5602.363
17565.44,17465.443
6811.19,6768.823
6177.76,6408.6455
18603.97,18070.047
17826.47,18398.238
6657.7,6833.495
7849.03,7429.0845
16956.88,17365.2
7109.46,7070.13
17981.27,17702.566
17005.84,17297.73
5237.28,5016.6895
17064.13,17536.94
17272.85,16857.059
6774.36,6922.5396
5356.46,5511.933
19150.91,19035.43
4597.89,4164.825
5900.87,5539.4023
16920.22,16477.127
19100.48,18870.65
17872.69,17866.467
5516.46,5453.4604
17452.13,17431.08
16758.02,17171.34
19306.63,19396.395
16544.8,16605.906
5772.27,5983.209
6450.57,6525.6567
18783.15,18637.25
5505.56,5010.937
5418.81,5427.824
18525.87,18143.914
18588.0,18454.174
19233.59,19055.307
16615.8,17117.492
6895.46,7114.7266
6630.74,6239.026
17932.06,18057.58
5132.46,5214.9937
17229.3,17078.742
6628.64,6554.3066
18546.01,18170.047
17277.51,17404.031
7217.98,7128.012
4781.5,4785.066
15421.73,15998.069
17922.34,18296.885
18681.92,18779.521
5657.07,5412.4946
4218.06,4289.7104
5978.05,6314.412
18655.25,18911.303
6718.08,6816.3574
7549.66,7074.2837
17294.57,17035.215
5644.18,5660.8237
5721.61,6277.149
6162.02,6235.809
6471.83,6625.3496
17562.48,17244.465
5589.2,5768.6367
5740.48,6154.9385
18790.1,18613.781
4637.68,4489.5913
6791.68,6883.2637
6029.22,5819.303
18995.58,19133.61
5510.56,5383.7783
18648.31,18644.271
18248.48,17865.129
5820.97,6235.751
7388.82,6902.3877
6395.88,6319.72
5202.75,5287.3438
7389.89,7013.2144
17319.18,16880.127
18059.19,18124.768
6704.94,6731.362
6022.78,6146.9854
17612.76,17245.29
6465.04,6082.7285
6521.42,6145.4185
18827.07,18539.256
6814.56,7237.3545
6989.6,6820.2637
19544.28,19558.26
17429.82,17560.527
17036.23,16752.639
17530.35,17388.963
17263.9,16878.45
18847.41,19274.264
17434.77,17536.45
6344.86,6808.8105
17359.1,17803.477
18524.12,18495.127
18965.38,18692.77
6230.75,6711.937
7279.61,7002.5054
5156.4,5349.725
4845.02,4575.1953
4319.49,4083.6035
17582.96,17521.887
17630.92,17563.62
17211.82,17306.535
6896.08,6884.9517
4324.4,4421.513
18649.5,18690.852
6276.91,5982.9214
5842.91,5935.537
4909.53,4632.702
18492.04,18579.12
18504.87,18140.305
16851.62,17335.625
17969.98,18278.611
4578.14,4928.4336
4284.69,4666.249
6639.47,6381.559
18260.59,17844.832
18273.34,18071.324
17882.21,17936.646
18689.98,18637.234
6332.09,6271.6753
6593.35,6161.8384
5659.15,5488.8716
18234.76,18345.486
4818.13,5311.343
18183.9,17827.182
18020.53,18214.705
5906.7,5549.2393
17725.19,17951.785
18554.42,18324.852
18070.25,17581.316
5529.1,5075.7153
18482.01,18488.979
17473.93,17419.455
4763.93,4854.378
6530.31,6275.3164
18357.98,18082.305
7404.6,7034.579
7257.92,6782.587
6269.99,6239.026
16822.11,17058.555
4884.62,4878.9053
18768.83,18657.21
16856.2,16547.428
6022.95,5770.9404
18323.01,18163.629
17833.88,17871.965
5100.4,4914.746
4992.62,5260.0435
18240.84,18413.46
18693.48,18941.21
5076.16,5585.767
5940.67,5966.5083
6231.78,5870.9414
5473.62,5806.25
17886.97,17731.184
18492.6,18301.96
19782.78,19309.623
17785.42,17512.81
18442.45,18686.16
19457.29,19062.086
6917.37,7308.939
4676.13,4806.681
17969.54,18335.94
18268.4,18620.477
19462.11,19287.916
6865.75,6751.797
5592.87,5847.807
5967.68,6097.3384
6987.2,7163.7637
6359.71,6650.1265
4917.49,5026.495
5763.32,5729.128
4922.05,4791.228
18950.87,19341.074
17336.69,17214.742
17250.82,17014.37
5648.8,5437.494
16864.29,16996.97
16975.23,16914.117
4915.91,5089.315
4765.45,5227.6753
6297.15,6647.267
19429.82,18936.361
18507.19,18670.258
18024.41,18423.203
7905.95,7460.0293
19260.8,19519.365
17466.06,17780.932
16730.52,17164.865
18130.0,17784.104
18099.38,17742.668
16395.13,16758.287
17204.27,17089.363
6712.88,6304.4214
17957.8,17914.916
7425.3,7076.719
6910.44,7214.902
17804.27,17497.121
7151.6,7308.795
17998.36,17650.836
5977.67,5781.85
7094.88,7222.541
4762.58,5142.789
17789.24,17708.926
4658.6,5125.004
6123.04,5867.253
18985.72,18573.818
18406.94,18274.027
17538.58,17460.008
17555.22,17649.393
7150.77,7105.8506
5118.44,4950.76
18660.14,18296.81
7459.54,7491.979
17876.35,17978.91
17730.34,18073.1
16885.53,16810.809
19094.09,18563.283
6076.83,6487.0693
7187.04,7254.2007
17861.88,17387.453
5381.79,5693.007
6376.6,6808.211
17539.6,17089.588
17744.0,17952.44
5165.92,5377.841
4163.91,3971.7563
5990.0,5949.321
16061.89,16414.094
5274.35,5011.2417
4927.25,4677.2866
17349.75,17070.773
17286.22,17544.117
7694.89,7230.7344
17499.66,17800.277
17625.22,18153.77
4538.15,4497.919
5591.15,5688.1494
17207.87,17652.012
17170.06,17504.648
5944.21,6064.3003
16989.12,17100.838
17125.75,17248.844
18116.64,17918.984
17231.95,17602.836
19673.18,19181.332
5489.48,5925.136
4631.97,4692.56
18595.3,18665.285
5512.36,6021.4937
16796.79,16591.684
5450.06,5125.453
6067.34,6325.123
18597.56,18269.074
18681.04,18254.027
5057.56,5397.5015
5340.63,5100.6665
5898.16,5821.4443
5342.29,5258.4307
17889.55,18233.877
5530.94,5985.0063
5267.39,5289.2085
5627.66,5525.9033
17589.45,17874.941
4991.68,5287.0034
17261.19,17699.867
5514.19,5905.5186
18277.97,18426.31
17382.75,17046.564
19610.41,19622.8
4326.99,4381.2764
4979.87,5158.47
18053.02,18210.484
16738.71,17071.564
3617.09,4088.921
17530.92,17547.297
4770.65,4989.044
18731.7,18353.91
16849.49,16751.934
15927.27,16374.764
6699.92,7127.7896
5305.34,5649.183
5569.83,5315.9404
7029.04,6937.615
17225.46,17766.361
6922.12,6664.9546
6483.73,6190.0645
18765.69,19133.117
6888.56,6431.1562
17410.16,17594.59
16586.43,16707.844
5093.68,5669.205
17107.43,16843.807
4950.35,4588.664
17398.65,17009.621
18942.41,19296.611
17861.48,17614.219
17893.86,17994.586
6787.02,6487.394
4729.64,4369.396
5656.81,5793.406
17419.88,17485.465
17803.82,18061.15
6829.14,6671.8086
17537.1,17704.043
5909.31,5633.903
18493.03,18307.768
18459.73,18739.77
16756.08,16656.68
5329.13,5777.851
16437.65,16838.652
5720.51,6296.8857
17051.64,16750.697
17478.76,17137.793
5992.61,5870.0454
17723.47,17823.902
17736.08,17858.027
5504.2,5701.4214
18839.03,18643.504
6719.43,6451.158
18453.43,18768.049
18108.25,17778.219
5095.96,5154.3286
16697.25,17060.273
18011.18,17558.096
6261.36,6190.389
17063.84,16687.762
18345.83,18072.492
18235.97,18461.984
6386.77,6323.7383
19383.63,18933.299
18559.62,18038.18
17296.66,17391.832
4833.28,4645.104
17143.05,17333.066
5568.07,5304.8706
7011.21,6533.398
18234.4,18187.477
6877.11,6412.0947
17564.35,16990.646
19586.39,19244.186
5523.27,5434.0337
5282.92,5789.0093
17541.79,17695.887
6699.3,6859.5312
5798.23,5675.244
18481.56,18381.531
